{
  "module": "agendamentos",
  "ids": [
    "17",
    "16",
    "14"
  ],
  "rows": [
    {
      "id": 14,
      "cliente_id": 2,
      "veiculo_id": null,
      "numero": 0,
      "data": "2025-11-19",
      "hora": "",
      "problema": "dsfsdfsdf",
      "servico": "dsfsdfsdf",
      "observacoes": "sfsdfsd",
      "status": "finalizado",
      "notificacoes": null,
      "whatsapp_enviado": 1,
      "lembrete_enviado": 0,
      "data_finalizacao": "2025-11-18T18:52:59.384Z",
      "created_at": "2025-12-16 03:56:32",
      "updated_at": "2025-12-16 03:56:32"
    },
    {
      "id": 16,
      "cliente_id": 1,
      "veiculo_id": "veh-novo-1763403576456-0-767",
      "numero": 2,
      "data": "2025-12-03",
      "hora": "07:00",
      "problema": "teste",
      "servico": "teste",
      "observacoes": "",
      "status": "finalizado",
      "notificacoes": null,
      "whatsapp_enviado": 1,
      "lembrete_enviado": 0,
      "data_finalizacao": "2025-12-11T17:42:58.183Z",
      "created_at": "2025-12-16 03:56:32",
      "updated_at": "2025-12-16 03:56:32"
    },
    {
      "id": 17,
      "cliente_id": 2,
      "veiculo_id": "veh-2-1765474864377-1-207",
      "numero": 3,
      "data": "2025-12-12",
      "hora": "07:00",
      "problema": "TROCA DE OLEO",
      "servico": "TROCA DE OLEO",
      "observacoes": "",
      "status": "pendente",
      "notificacoes": null,
      "whatsapp_enviado": 1,
      "lembrete_enviado": 0,
      "data_finalizacao": null,
      "created_at": "2025-12-16 03:56:32",
      "updated_at": "2025-12-16 03:56:32"
    }
  ],
  "created_at": "2025-12-16T04:25:50.433Z"
}