{
  "module": "clientes",
  "ids": [
    "4"
  ],
  "rows": [
    {
      "id": 4,
      "nome": "Paloma Gonçalves Mendonça",
      "telefone": "88996255866",
      "endereco": "{\"cep\":\"63031165\",\"logradouro\":\"Rua Santo Amâncio\",\"numero\":\"190\",\"complemento\":\"\",\"bairro\":\"Tiradentes\",\"cidade\":\"Juazeiro do Norte\",\"estado\":\"CE\"}",
      "veiculos": "[{\"id\":\"veh-novo-1765857144504-0-288\",\"placa\":\"DER6R85\",\"marca\":\"TOYOTA\",\"modelo\":\"COROLA\",\"ano\":\"2023\",\"ativo\":true}]",
      "ativo": 1,
      "created_at": "2025-12-16 04:05:17"
    }
  ],
  "created_at": "2025-12-16T04:14:18.363Z"
}