{
  "module": "clientes",
  "ids": [
    "5"
  ],
  "rows": [
    {
      "id": 5,
      "nome": "Cicero Diego",
      "telefone": "88996255866",
      "endereco": "{\"cep\":\"63031165\",\"logradouro\":\"Rua Santo Amâncio\",\"numero\":\"190\",\"complemento\":\"\",\"bairro\":\"Tiradentes\",\"cidade\":\"Juazeiro do Norte\",\"estado\":\"CE\"}",
      "veiculos": "[{\"id\":\"veh-novo-1765859308888-0-935\",\"placa\":\"QXB6E68\",\"marca\":\"FIAT\",\"modelo\":\"ARGO\",\"ano\":\"2019\",\"ativo\":true}]",
      "ativo": 1,
      "created_at": "2025-12-16 04:28:28"
    }
  ],
  "created_at": "2025-12-16T12:03:58.147Z"
}