{
  "module": "clientes",
  "ids": [
    "1"
  ],
  "rows": [
    {
      "id": 1,
      "nome": "Cicero Diego de Souza Machado",
      "telefone": "88996255866",
      "endereco": "{\"cep\":\"63031165\",\"logradouro\":\"Rua Santo Amâncio\",\"numero\":\"190\",\"complemento\":\"\",\"bairro\":\"Tiradentes\",\"cidade\":\"Juazeiro do Norte\",\"estado\":\"CE\"}",
      "veiculos": "[{\"id\":\"veh-novo-1763403576456-0-767\",\"placa\":\"QXB6E68\",\"marca\":\"FIAT\",\"modelo\":\"ARGO\",\"ano\":\"2019\",\"ativo\":true},{\"id\":\"veh-1-1763403597647-1-76\",\"placa\":\"PDE0H27\",\"marca\":\"FORD\",\"modelo\":\"KA\",\"ano\":\"2019\",\"ativo\":true}]",
      "ativo": 1,
      "created_at": "2025-12-16 04:05:17"
    }
  ],
  "created_at": "2025-12-16T04:24:31.453Z"
}