{
  "module": "clientes",
  "ids": [
    "4",
    "1"
  ],
  "rows": [
    {
      "id": 1,
      "nome": "Cicero Diego de Souza Machado",
      "telefone": "88996255866",
      "endereco": "{\"cep\":\"63031165\",\"logradouro\":\"Rua Santo Amâncio\",\"numero\":\"190\",\"complemento\":\"\",\"bairro\":\"Tiradentes\",\"cidade\":\"Juazeiro do Norte\",\"estado\":\"CE\"}",
      "veiculos": "[{\"id\":\"veh-novo-1763403576456-0-767\",\"placa\":\"QXB6E68\",\"marca\":\"FIAT\",\"modelo\":\"ARGO\",\"ano\":\"2019\",\"ativo\":true},{\"id\":\"veh-1-1763403597647-1-76\",\"placa\":\"PDE0H27\",\"marca\":\"FORD\",\"modelo\":\"KA\",\"ano\":\"2019\",\"ativo\":true}]",
      "ativo": 1,
      "created_at": "2025-12-10 02:56:50"
    },
    {
      "id": 4,
      "nome": "Paloma Gonçalves Mendonça",
      "telefone": "88996255866",
      "endereco": "{\"cep\":\"63031165\",\"logradouro\":\"Rua Santo Amâncio\",\"numero\":\"190\",\"complemento\":\"\",\"bairro\":\"Tiradentes\",\"cidade\":\"Juazeiro do Norte\",\"estado\":\"CE\"}",
      "veiculos": "[{\"id\":\"veh-novo-1765857144504-0-288\",\"placa\":\"DER6R85\",\"marca\":\"TOYOTA\",\"modelo\":\"COROLA\",\"ano\":\"2023\",\"ativo\":true}]",
      "ativo": 1,
      "created_at": "2025-12-16 03:52:24"
    }
  ],
  "created_at": "2025-12-16T03:55:13.194Z"
}