{
  "module": "clientes",
  "ids": [
    "2"
  ],
  "rows": [
    {
      "id": 2,
      "nome": "BENJAMIN",
      "telefone": "88996255866",
      "endereco": "{\"cep\":\"63031165\",\"logradouro\":\"Rua Santo Amâncio\",\"numero\":\"190\",\"complemento\":\"\",\"bairro\":\"Tiradentes\",\"cidade\":\"Juazeiro do Norte\",\"estado\":\"CE\"}",
      "veiculos": "[{\"id\":\"veh-novo-1763487068747-0-226\",\"placa\":\"dgr6y56\",\"marca\":\"çalskdjasçk\",\"modelo\":\"sadas\",\"ano\":\"2019\",\"ativo\":true},{\"id\":\"veh-2-1765474864377-1-207\",\"placa\":\"FGR8K60\",\"marca\":\"FIAT\",\"modelo\":\"ARGO\",\"ano\":\"2024\",\"ativo\":true}]",
      "ativo": 1,
      "created_at": "2025-12-16 04:05:17"
    }
  ],
  "created_at": "2025-12-16T04:24:34.296Z"
}