{
  "module": "clientes",
  "ids": [
    "3"
  ],
  "rows": [
    {
      "id": 3,
      "nome": "Paloma Gonçalves Mendonça",
      "telefone": "88996255866",
      "endereco": "{\"cep\":\"63031165\",\"logradouro\":\"Rua Santo Amâncio\",\"numero\":\"190\",\"complemento\":\"\",\"bairro\":\"Tiradentes\",\"cidade\":\"Juazeiro do Norte\",\"estado\":\"CE\"}",
      "veiculos": "[{\"id\":\"veh-novo-1765857144503-0-478\",\"placa\":\"DER6R85\",\"marca\":\"TOYOTA\",\"modelo\":\"COROLA\",\"ano\":\"2023\",\"ativo\":true}]",
      "ativo": 1,
      "created_at": "2025-12-16 03:52:24"
    }
  ],
  "created_at": "2025-12-16T03:54:36.463Z"
}