[
  {
    "id": 1763677229499939,
    "orcamento_id": 123,
    "cliente_id": 1,
    "categoria_id": null,
    "descricao": "Teste automático",
    "tipo": "receber",
    "valor": 100,
    "data": "2025-12-10",
    "status": "aberto",
    "observacoes": "",
    "parcela_de": null,
    "numero_parcela": null,
    "total_parcelas": null,
    "is_duplicata": 0,
    "numero_duplicata": null,
    "forma_pagamento": "",
    "parcelado": 0,
    "num_parcelas": null,
    "confirmado_em": null,
    "criado_em": "2025-12-10T11:53:13.498Z",
    "created_at": "2025-12-10 11:53:13",
    "vencimento": "2025-12-10",
    "data_pagamento": null
  },
  {
    "id": 1763677229499940,
    "orcamento_id": 200,
    "cliente_id": 2,
    "categoria_id": null,
    "descricao": "Teste parcelado - formatado",
    "tipo": "receber",
    "valor": 1234.56,
    "data": "2025-12-10",
    "status": "aberto",
    "observacoes": "",
    "parcela_de": null,
    "numero_parcela": null,
    "total_parcelas": null,
    "is_duplicata": 0,
    "numero_duplicata": null,
    "forma_pagamento": "",
    "parcelado": 0,
    "num_parcelas": null,
    "confirmado_em": null,
    "criado_em": "2025-12-10T11:57:46.916Z",
    "created_at": "2025-12-10 11:57:46",
    "vencimento": "2025-12-15",
    "data_pagamento": null
  },
  {
    "id": 1763677229499941,
    "orcamento_id": 201,
    "cliente_id": 3,
    "categoria_id": null,
    "descricao": "Teste entrada - formatado",
    "tipo": "receber",
    "valor": 50,
    "data": "2025-12-10",
    "status": "aberto",
    "observacoes": "",
    "parcela_de": null,
    "numero_parcela": null,
    "total_parcelas": null,
    "is_duplicata": 0,
    "numero_duplicata": null,
    "forma_pagamento": "",
    "parcelado": 0,
    "num_parcelas": null,
    "confirmado_em": null,
    "criado_em": "2025-12-10T11:57:47.274Z",
    "created_at": "2025-12-10 11:57:47",
    "vencimento": "2025-12-10",
    "data_pagamento": null
  },
  {
    "id": 1763677229499942,
    "orcamento_id": null,
    "cliente_id": null,
    "categoria_id": null,
    "descricao": "Teste pagar - número",
    "tipo": "pagar",
    "valor": 200,
    "data": "2025-12-10",
    "status": "aberto",
    "observacoes": "",
    "parcela_de": null,
    "numero_parcela": null,
    "total_parcelas": null,
    "is_duplicata": 0,
    "numero_duplicata": null,
    "forma_pagamento": "",
    "parcelado": 0,
    "num_parcelas": null,
    "confirmado_em": null,
    "criado_em": "2025-12-10T11:57:47.612Z",
    "created_at": "2025-12-10 11:57:47",
    "vencimento": "2025-12-17",
    "data_pagamento": null
  },
  {
    "id": 1763677229499943,
    "orcamento_id": null,
    "cliente_id": null,
    "categoria_id": null,
    "descricao": "Teste pagar - número",
    "tipo": "pagar",
    "valor": 200,
    "data": "2025-12-10",
    "status": "aberto",
    "observacoes": "",
    "parcela_de": null,
    "numero_parcela": null,
    "total_parcelas": null,
    "is_duplicata": 0,
    "numero_duplicata": null,
    "forma_pagamento": "",
    "parcelado": 0,
    "num_parcelas": null,
    "confirmado_em": null,
    "criado_em": "2025-12-10T11:58:20.855Z",
    "created_at": "2025-12-10 11:58:20",
    "vencimento": "2025-12-17",
    "data_pagamento": null
  },
  {
    "id": 1763677229499944,
    "orcamento_id": 301,
    "cliente_id": 1,
    "categoria_id": null,
    "descricao": "Teste comma",
    "tipo": "receber",
    "valor": 100,
    "data": "2025-12-10",
    "status": "aberto",
    "observacoes": "",
    "parcela_de": null,
    "numero_parcela": null,
    "total_parcelas": null,
    "is_duplicata": 0,
    "numero_duplicata": null,
    "forma_pagamento": "",
    "parcelado": 0,
    "num_parcelas": null,
    "confirmado_em": null,
    "criado_em": "2025-12-10T12:39:10.934Z",
    "created_at": "2025-12-10 12:39:10",
    "vencimento": "2025-12-10",
    "data_pagamento": null
  },
  {
    "id": 1763677229499945,
    "orcamento_id": 302,
    "cliente_id": 1,
    "categoria_id": null,
    "descricao": "Teste entrada pago",
    "tipo": "receber",
    "valor": 50,
    "data": "2025-12-10",
    "status": "pago",
    "observacoes": "",
    "parcela_de": null,
    "numero_parcela": null,
    "total_parcelas": null,
    "is_duplicata": 0,
    "numero_duplicata": null,
    "forma_pagamento": "",
    "parcelado": 0,
    "num_parcelas": null,
    "confirmado_em": null,
    "criado_em": "2025-12-10T12:39:11.416Z",
    "created_at": "2025-12-10 12:39:11",
    "vencimento": "2025-12-10",
    "data_pagamento": null
  },
  {
    "id": 1763677229499946,
    "orcamento_id": 303,
    "cliente_id": 1,
    "categoria_id": null,
    "descricao": "Teste parcelado",
    "tipo": "receber",
    "valor": 200.5,
    "data": "2025-12-10",
    "status": "aberto",
    "observacoes": "",
    "parcela_de": null,
    "numero_parcela": null,
    "total_parcelas": null,
    "is_duplicata": 0,
    "numero_duplicata": null,
    "forma_pagamento": "",
    "parcelado": 0,
    "num_parcelas": null,
    "confirmado_em": null,
    "criado_em": "2025-12-10T12:39:11.538Z",
    "created_at": "2025-12-10 12:39:11",
    "vencimento": "2025-12-15",
    "data_pagamento": null
  },
  {
    "id": 1763677229499947,
    "orcamento_id": 302,
    "cliente_id": 1,
    "categoria_id": null,
    "descricao": "Teste entrada pago",
    "tipo": "receber",
    "valor": 50,
    "data": "2025-12-10",
    "status": "pago",
    "observacoes": "",
    "parcela_de": null,
    "numero_parcela": null,
    "total_parcelas": null,
    "is_duplicata": 0,
    "numero_duplicata": null,
    "forma_pagamento": "",
    "parcelado": 0,
    "num_parcelas": null,
    "confirmado_em": null,
    "criado_em": "2025-12-10T12:39:23.921Z",
    "created_at": "2025-12-10 12:39:23",
    "vencimento": "2025-12-10",
    "data_pagamento": null
  },
  {
    "id": 1763677229499948,
    "orcamento_id": 302,
    "cliente_id": 1,
    "categoria_id": null,
    "descricao": "Teste entrada pago",
    "tipo": "receber",
    "valor": 50,
    "data": "2025-12-10",
    "status": "pago",
    "observacoes": "",
    "parcela_de": null,
    "numero_parcela": null,
    "total_parcelas": null,
    "is_duplicata": 0,
    "numero_duplicata": null,
    "forma_pagamento": "",
    "parcelado": 0,
    "num_parcelas": null,
    "confirmado_em": null,
    "criado_em": "2025-12-10T12:39:36.062Z",
    "created_at": "2025-12-10 12:39:36",
    "vencimento": "2025-12-10",
    "data_pagamento": null
  },
  {
    "id": 1763677229499949,
    "orcamento_id": 400,
    "cliente_id": 1,
    "categoria_id": null,
    "descricao": "Teste formato pt",
    "tipo": "receber",
    "valor": 1234.56,
    "data": "2025-12-10",
    "status": "aberto",
    "observacoes": "",
    "parcela_de": null,
    "numero_parcela": null,
    "total_parcelas": null,
    "is_duplicata": 0,
    "numero_duplicata": null,
    "forma_pagamento": "",
    "parcelado": 0,
    "num_parcelas": null,
    "confirmado_em": null,
    "criado_em": "2025-12-10T12:40:09.884Z",
    "created_at": "2025-12-10 12:40:09",
    "vencimento": "2025-12-15",
    "data_pagamento": null
  },
  {
    "id": 1763677229499950,
    "orcamento_id": 501,
    "cliente_id": 1,
    "categoria_id": null,
    "descricao": "Teste comma",
    "tipo": "receber",
    "valor": 100,
    "data": "2025-12-10",
    "status": "aberto",
    "observacoes": "",
    "parcela_de": null,
    "numero_parcela": null,
    "total_parcelas": null,
    "is_duplicata": 0,
    "numero_duplicata": null,
    "forma_pagamento": "",
    "parcelado": 0,
    "num_parcelas": null,
    "confirmado_em": null,
    "criado_em": "2025-12-10T12:43:50.234Z",
    "created_at": "2025-12-10 12:43:50",
    "vencimento": "2025-12-10",
    "data_pagamento": null
  },
  {
    "id": 1763677229499951,
    "orcamento_id": 502,
    "cliente_id": 1,
    "categoria_id": null,
    "descricao": "Teste R$ com milhares",
    "tipo": "receber",
    "valor": 1234.56,
    "data": "2025-12-10",
    "status": "aberto",
    "observacoes": "",
    "parcela_de": null,
    "numero_parcela": null,
    "total_parcelas": null,
    "is_duplicata": 0,
    "numero_duplicata": null,
    "forma_pagamento": "",
    "parcelado": 0,
    "num_parcelas": null,
    "confirmado_em": null,
    "criado_em": "2025-12-10T12:43:50.423Z",
    "created_at": "2025-12-10 12:43:50",
    "vencimento": "2025-12-15",
    "data_pagamento": null
  },
  {
    "id": 1763677229499952,
    "orcamento_id": 503,
    "cliente_id": 1,
    "categoria_id": null,
    "descricao": "Teste entrada pago",
    "tipo": "receber",
    "valor": 50,
    "data": "2025-12-10",
    "status": "pago",
    "observacoes": "",
    "parcela_de": null,
    "numero_parcela": null,
    "total_parcelas": null,
    "is_duplicata": 0,
    "numero_duplicata": null,
    "forma_pagamento": "",
    "parcelado": 0,
    "num_parcelas": null,
    "confirmado_em": null,
    "criado_em": "2025-12-10T12:43:50.538Z",
    "created_at": "2025-12-10 12:43:50",
    "vencimento": "2025-12-10",
    "data_pagamento": null
  },
  {
    "id": 1763677229499953,
    "orcamento_id": 504,
    "cliente_id": 1,
    "categoria_id": null,
    "descricao": "Teste grande pt",
    "tipo": "receber",
    "valor": 1234567.89,
    "data": "2025-12-10",
    "status": "aberto",
    "observacoes": "",
    "parcela_de": null,
    "numero_parcela": null,
    "total_parcelas": null,
    "is_duplicata": 0,
    "numero_duplicata": null,
    "forma_pagamento": "",
    "parcelado": 0,
    "num_parcelas": null,
    "confirmado_em": null,
    "criado_em": "2025-12-10T12:43:50.703Z",
    "created_at": "2025-12-10 12:43:50",
    "vencimento": "2025-12-20",
    "data_pagamento": null
  },
  {
    "id": 1763677229499954,
    "orcamento_id": 4,
    "cliente_id": 1,
    "categoria_id": null,
    "descricao": "Orçamento 1 - Entrada",
    "tipo": "receber",
    "valor": 200,
    "data": "2025-12-10",
    "status": "pago",
    "observacoes": "",
    "parcela_de": null,
    "numero_parcela": null,
    "total_parcelas": null,
    "is_duplicata": 0,
    "numero_duplicata": null,
    "forma_pagamento": "",
    "parcelado": 0,
    "num_parcelas": null,
    "confirmado_em": null,
    "criado_em": "2025-12-10T12:57:12.514Z",
    "created_at": "2025-12-10 12:57:12",
    "vencimento": "2025-12-10",
    "data_pagamento": null
  },
  {
    "id": 1763677229499955,
    "orcamento_id": 4,
    "cliente_id": 1,
    "categoria_id": null,
    "descricao": "Orçamento 1",
    "tipo": "receber",
    "valor": 100,
    "data": "2025-12-10",
    "status": "aberto",
    "observacoes": "",
    "parcela_de": null,
    "numero_parcela": null,
    "total_parcelas": null,
    "is_duplicata": 0,
    "numero_duplicata": null,
    "forma_pagamento": "",
    "parcelado": 0,
    "num_parcelas": null,
    "confirmado_em": null,
    "criado_em": "2025-12-10T12:57:12.713Z",
    "created_at": "2025-12-10 12:57:12",
    "vencimento": "2026-01-09",
    "data_pagamento": null
  },
  {
    "id": 1763677229499956,
    "orcamento_id": 6,
    "cliente_id": 2,
    "categoria_id": null,
    "descricao": "Orçamento 2",
    "tipo": "receber",
    "valor": 25,
    "data": "2025-12-10",
    "status": "aberto",
    "observacoes": "",
    "parcela_de": null,
    "numero_parcela": null,
    "total_parcelas": null,
    "is_duplicata": 0,
    "numero_duplicata": null,
    "forma_pagamento": "",
    "parcelado": 0,
    "num_parcelas": null,
    "confirmado_em": null,
    "criado_em": "2025-12-10T13:04:14.745Z",
    "created_at": "2025-12-10 13:04:14",
    "vencimento": "2026-01-09",
    "data_pagamento": null
  }
]