[
  {
    "id": 1765904617785622,
    "orcamento_id": 10,
    "cliente_id": 6,
    "categoria_id": null,
    "descricao": "Orçamento 1 - Parcela 1/4",
    "tipo": "receber",
    "valor": 60,
    "data": "2025-12-18",
    "status": "aberto",
    "observacoes": "",
    "parcela_de": null,
    "numero_parcela": null,
    "total_parcelas": null,
    "is_duplicata": 0,
    "numero_duplicata": null,
    "forma_pagamento": null,
    "parcelado": 0,
    "num_parcelas": null,
    "confirmado_em": null,
    "criado_em": "2025-12-18T11:02:55.202Z",
    "created_at": "2025-12-18 12:05:45",
    "vencimento": null,
    "data_pagamento": null
  }
]