[
  {
    "id": 1765904617785628,
    "orcamento_id": null,
    "cliente_id": null,
    "categoria_id": null,
    "descricao": "Velho 1",
    "tipo": "receber",
    "valor": 10,
    "data": "2025-12-18",
    "status": "aberto",
    "observacoes": "",
    "parcela_de": null,
    "numero_parcela": null,
    "total_parcelas": null,
    "is_duplicata": 0,
    "numero_duplicata": null,
    "forma_pagamento": "",
    "parcelado": 0,
    "num_parcelas": null,
    "confirmado_em": null,
    "criado_em": "2025-12-18T13:53:19.419Z",
    "created_at": "2025-12-18 13:53:19",
    "vencimento": "2020-01-01",
    "data_pagamento": null,
    "grupo_parcelamento_id": null
  },
  {
    "id": 1765904617785629,
    "orcamento_id": null,
    "cliente_id": null,
    "categoria_id": null,
    "descricao": "Velho 2",
    "tipo": "receber",
    "valor": 20,
    "data": "2025-12-18",
    "status": "aberto",
    "observacoes": "",
    "parcela_de": null,
    "numero_parcela": null,
    "total_parcelas": null,
    "is_duplicata": 0,
    "numero_duplicata": null,
    "forma_pagamento": "",
    "parcelado": 0,
    "num_parcelas": null,
    "confirmado_em": null,
    "criado_em": "2025-12-18T13:53:19.493Z",
    "created_at": "2025-12-18 13:53:19",
    "vencimento": "2020-01-01",
    "data_pagamento": null,
    "grupo_parcelamento_id": null
  }
]