{
  "module": "orcamentos",
  "ids": [
    "6"
  ],
  "rows": [
    {
      "id": 6,
      "numero": 2,
      "cliente_id": 2,
      "veiculo_id": "veh-novo-1763487068747-0-226",
      "agendamento_id": 14,
      "servicos": "[{\"descricao\":\"zxcxzc\",\"quantidade\":1,\"valor\":25}]",
      "pecas": "[{\"item\":\"zzfasxc\",\"quantidade\":1,\"valor\":25,\"valorTotal\":25}]",
      "observacoes": "Problema relatado: dsfsdfsdf\nsfsdfsd",
      "validade": 7,
      "data": "2025-11-18",
      "desconto": 0,
      "valor_total": 50,
      "total": 50,
      "status": "finalizado",
      "created_at": "2025-12-10 02:56:50",
      "updated_at": "2025-12-10 02:56:50",
      "status_financeiro": null,
      "data_duplicata": null,
      "data_liquidacao": null
    }
  ],
  "created_at": "2025-12-16T03:48:01.590Z"
}