{
  "module": "orcamentos",
  "ids": [
    "7",
    "4"
  ],
  "rows": [
    {
      "id": 4,
      "numero": 1,
      "cliente_id": 1,
      "veiculo_id": "veh-1-1763403597647-1-76",
      "agendamento_id": 10,
      "servicos": "[{\"descricao\":\"troca de amortecedores\",\"quantidade\":1,\"valor\":350}]",
      "pecas": "[{\"item\":\"amortecedor\",\"quantidade\":1,\"valor\":350,\"valorTotal\":350}]",
      "observacoes": "Problema relatado: troca de oleo",
      "validade": 7,
      "data": "2025-11-18",
      "desconto": 0,
      "valor_total": 700,
      "total": 700,
      "status": "finalizado",
      "created_at": "2025-12-10 02:56:50",
      "updated_at": "2025-12-10 02:56:50",
      "status_financeiro": null,
      "data_duplicata": null,
      "data_liquidacao": null
    },
    {
      "id": 7,
      "numero": 3,
      "cliente_id": 1,
      "veiculo_id": "veh-novo-1763403576456-0-767",
      "agendamento_id": 16,
      "servicos": "[{\"descricao\":\"TROCA DE OLEO\",\"quantidade\":1,\"valor\":50}]",
      "pecas": "[{\"item\":\"OLEO 5W50\",\"quantidade\":3,\"valor\":35,\"valorTotal\":105}]",
      "observacoes": "Problema relatado: teste",
      "validade": 7,
      "data": "2025-12-11",
      "desconto": 0,
      "valor_total": 155,
      "total": 155,
      "status": "finalizado",
      "created_at": "2025-12-11 17:42:22",
      "updated_at": "2025-12-11 17:43:00",
      "status_financeiro": "duplicata",
      "data_duplicata": "2025-12-11",
      "data_liquidacao": null
    }
  ],
  "created_at": "2025-12-16T03:55:41.105Z"
}