{
  "module": "ordens_servico",
  "ids": [
    "3",
    "2",
    "1"
  ],
  "rows": [
    {
      "id": 1,
      "numero": 1,
      "orcamento_id": 4,
      "cliente_id": 1,
      "veiculo_id": null,
      "agendamento_id": 10,
      "servicos": "[{\"descricao\":\"troca de amortecedores\",\"quantidade\":1}]",
      "pecas": "[{\"item\":\"amortecedor\",\"quantidade\":1}]",
      "observacoes": "Problema relatado: troca de oleo",
      "status": "finalizada",
      "data_abertura": "2025-11-18T17:21:53.584Z",
      "data_finalizacao": "2025-11-18T18:53:15.416Z",
      "whatsapp_enviado": 0,
      "created_at": "2025-12-16 03:56:33",
      "updated_at": "2025-12-16 03:56:33"
    },
    {
      "id": 2,
      "numero": 2,
      "orcamento_id": 6,
      "cliente_id": 2,
      "veiculo_id": null,
      "agendamento_id": 14,
      "servicos": "[{\"descricao\":\"zxcxzc\",\"quantidade\":1}]",
      "pecas": "[{\"item\":\"zzfasxc\",\"quantidade\":1}]",
      "observacoes": "Problema relatado: dsfsdfsdf\nsfsdfsd",
      "status": "finalizada",
      "data_abertura": "2025-11-18T18:52:15.322Z",
      "data_finalizacao": "2025-11-18T18:52:59.384Z",
      "whatsapp_enviado": 0,
      "created_at": "2025-12-16 03:56:32",
      "updated_at": "2025-12-16 03:56:32"
    },
    {
      "id": 3,
      "numero": 3,
      "orcamento_id": 7,
      "cliente_id": 1,
      "veiculo_id": null,
      "agendamento_id": 16,
      "servicos": "[{\"descricao\":\"TROCA DE OLEO\",\"quantidade\":1}]",
      "pecas": "[{\"item\":\"OLEO 5W50\",\"quantidade\":3}]",
      "observacoes": "Problema relatado: teste",
      "status": "finalizada",
      "data_abertura": "2025-12-11T17:42:36.388Z",
      "data_finalizacao": "2025-12-11T17:42:58.183Z",
      "whatsapp_enviado": 0,
      "created_at": "2025-12-16 03:56:32",
      "updated_at": "2025-12-16 03:56:32"
    }
  ],
  "created_at": "2025-12-16T04:26:13.975Z"
}