{
  "module": "transacoes",
  "ids": [
    "1765904617785618",
    "1765904617785619",
    "1765904617785620",
    "1765904617785621",
    "1765904617785616",
    "1765904617785617"
  ],
  "rows": [
    {
      "id": 1765904617785616,
      "orcamento_id": 10,
      "cliente_id": 6,
      "categoria_id": null,
      "descricao": "Orçamento 1",
      "tipo": "receber",
      "valor": 240,
      "data": "2025-12-16",
      "status": "pago",
      "observacoes": "",
      "parcela_de": null,
      "numero_parcela": null,
      "total_parcelas": null,
      "is_duplicata": 0,
      "numero_duplicata": null,
      "forma_pagamento": "",
      "parcelado": 0,
      "num_parcelas": null,
      "confirmado_em": null,
      "criado_em": "2025-12-16T20:53:30.174Z",
      "created_at": "2025-12-16 20:53:30",
      "vencimento": "2025-12-16",
      "data_pagamento": null
    },
    {
      "id": 1765904617785617,
      "orcamento_id": 9,
      "cliente_id": 6,
      "categoria_id": null,
      "descricao": "Orçamento 1 - Parcela 1/2",
      "tipo": "receber",
      "valor": 120,
      "data": "2025-12-16",
      "status": "aberto",
      "observacoes": "",
      "parcela_de": null,
      "numero_parcela": null,
      "total_parcelas": null,
      "is_duplicata": 0,
      "numero_duplicata": null,
      "forma_pagamento": "",
      "parcelado": 0,
      "num_parcelas": null,
      "confirmado_em": null,
      "criado_em": "2025-12-16T20:53:55.229Z",
      "created_at": "2025-12-16 20:53:55",
      "vencimento": "2026-01-15",
      "data_pagamento": null
    },
    {
      "id": 1765904617785618,
      "orcamento_id": 11,
      "cliente_id": 7,
      "categoria_id": null,
      "descricao": "Orçamento 2 - Parcela 1/2",
      "tipo": "receber",
      "valor": 110,
      "data": "2025-12-17",
      "status": "aberto",
      "observacoes": "",
      "parcela_de": null,
      "numero_parcela": null,
      "total_parcelas": null,
      "is_duplicata": 0,
      "numero_duplicata": null,
      "forma_pagamento": "",
      "parcelado": 0,
      "num_parcelas": null,
      "confirmado_em": null,
      "criado_em": "2025-12-17T00:54:12.395Z",
      "created_at": "2025-12-17 00:54:12",
      "vencimento": "2026-01-16",
      "data_pagamento": null
    },
    {
      "id": 1765904617785619,
      "orcamento_id": 13,
      "cliente_id": 3,
      "categoria_id": null,
      "descricao": "Orçamento 4 - Parcela 1/2",
      "tipo": "receber",
      "valor": 120,
      "data": "2025-12-17",
      "status": "aberto",
      "observacoes": "",
      "parcela_de": null,
      "numero_parcela": null,
      "total_parcelas": null,
      "is_duplicata": 0,
      "numero_duplicata": null,
      "forma_pagamento": "",
      "parcelado": 0,
      "num_parcelas": null,
      "confirmado_em": null,
      "criado_em": "2025-12-17T01:10:05.747Z",
      "created_at": "2025-12-17 01:10:05",
      "vencimento": "2026-01-16",
      "data_pagamento": null
    },
    {
      "id": 1765904617785620,
      "orcamento_id": 12,
      "cliente_id": 7,
      "categoria_id": null,
      "descricao": "Orçamento 3 - Entrada",
      "tipo": "receber",
      "valor": 40,
      "data": "2025-12-17",
      "status": "pago",
      "observacoes": "",
      "parcela_de": null,
      "numero_parcela": null,
      "total_parcelas": null,
      "is_duplicata": 0,
      "numero_duplicata": null,
      "forma_pagamento": "",
      "parcelado": 0,
      "num_parcelas": null,
      "confirmado_em": null,
      "criado_em": "2025-12-17T02:02:55.686Z",
      "created_at": "2025-12-17 02:02:55",
      "vencimento": "2025-12-17",
      "data_pagamento": null
    },
    {
      "id": 1765904617785621,
      "orcamento_id": 12,
      "cliente_id": 7,
      "categoria_id": null,
      "descricao": "Orçamento 3 - Parcela 1/2",
      "tipo": "receber",
      "valor": 50,
      "data": "2025-12-17",
      "status": "aberto",
      "observacoes": "",
      "parcela_de": null,
      "numero_parcela": null,
      "total_parcelas": null,
      "is_duplicata": 0,
      "numero_duplicata": null,
      "forma_pagamento": "",
      "parcelado": 0,
      "num_parcelas": null,
      "confirmado_em": null,
      "criado_em": "2025-12-17T02:02:55.872Z",
      "created_at": "2025-12-17 02:02:55",
      "vencimento": "2026-01-16",
      "data_pagamento": null
    }
  ],
  "created_at": "2025-12-18T11:01:58.017Z"
}