{
  "module": "transacoes",
  "ids": [
    "1765885436677821",
    "1765885436677822",
    "1765885436677823",
    "1765886989088871",
    "1765886989088872",
    "1765889072704077",
    "1765890713585755",
    "1765890713585756",
    "1765890713585757",
    "1765890713585758",
    "1765904118784710",
    "1765904617785612",
    "1765904617785613",
    "1765904617785614",
    "1765904617785615"
  ],
  "rows": [
    {
      "id": 1765885436677821,
      "orcamento_id": 8,
      "cliente_id": 7,
      "categoria_id": null,
      "descricao": "Duplicata #0",
      "tipo": "receita",
      "valor": 155,
      "data": "2025-12-16",
      "status": "pendente",
      "observacoes": "Duplicata gerada do orçamento #0",
      "parcela_de": null,
      "numero_parcela": null,
      "total_parcelas": null,
      "is_duplicata": 1,
      "numero_duplicata": null,
      "forma_pagamento": null,
      "parcelado": 0,
      "num_parcelas": null,
      "confirmado_em": null,
      "criado_em": "2025-12-16T11:43:56.090Z",
      "created_at": "2025-12-16 11:43:58",
      "vencimento": null,
      "data_pagamento": null
    },
    {
      "id": 1765885436677822,
      "orcamento_id": 8,
      "cliente_id": 7,
      "categoria_id": null,
      "descricao": "Orçamento 0 - Entrada",
      "tipo": "receber",
      "valor": 50,
      "data": "2025-12-16",
      "status": "pago",
      "observacoes": "",
      "parcela_de": null,
      "numero_parcela": null,
      "total_parcelas": null,
      "is_duplicata": 0,
      "numero_duplicata": null,
      "forma_pagamento": "",
      "parcelado": 0,
      "num_parcelas": null,
      "confirmado_em": null,
      "criado_em": "2025-12-16T11:44:49.201Z",
      "created_at": "2025-12-16 11:44:49",
      "vencimento": "2025-12-16",
      "data_pagamento": null
    },
    {
      "id": 1765885436677823,
      "orcamento_id": 8,
      "cliente_id": 7,
      "categoria_id": null,
      "descricao": "Orçamento 0",
      "tipo": "receber",
      "valor": 52.5,
      "data": "2025-12-16",
      "status": "aberto",
      "observacoes": "",
      "parcela_de": null,
      "numero_parcela": null,
      "total_parcelas": null,
      "is_duplicata": 0,
      "numero_duplicata": null,
      "forma_pagamento": "",
      "parcelado": 0,
      "num_parcelas": null,
      "confirmado_em": null,
      "criado_em": "2025-12-16T11:44:49.843Z",
      "created_at": "2025-12-16 11:44:49",
      "vencimento": "2026-01-15",
      "data_pagamento": null
    },
    {
      "id": 1765886989088871,
      "orcamento_id": 9,
      "cliente_id": 6,
      "categoria_id": null,
      "descricao": "Duplicata #1",
      "tipo": "receita",
      "valor": 240,
      "data": "2025-12-16",
      "status": "pendente",
      "observacoes": "Duplicata gerada do orçamento #1",
      "parcela_de": null,
      "numero_parcela": null,
      "total_parcelas": null,
      "is_duplicata": 1,
      "numero_duplicata": 1,
      "forma_pagamento": null,
      "parcelado": 0,
      "num_parcelas": null,
      "confirmado_em": null,
      "criado_em": "2025-12-16T12:09:48.526Z",
      "created_at": "2025-12-16 12:09:48",
      "vencimento": null,
      "data_pagamento": null
    },
    {
      "id": 1765886989088872,
      "orcamento_id": 9,
      "cliente_id": 6,
      "categoria_id": null,
      "descricao": "Orçamento 1",
      "tipo": "receber",
      "valor": 80,
      "data": "2025-12-16",
      "status": "aberto",
      "observacoes": "",
      "parcela_de": null,
      "numero_parcela": null,
      "total_parcelas": null,
      "is_duplicata": 0,
      "numero_duplicata": null,
      "forma_pagamento": "",
      "parcelado": 0,
      "num_parcelas": null,
      "confirmado_em": null,
      "criado_em": "2025-12-16T12:15:08.636Z",
      "created_at": "2025-12-16 12:15:08",
      "vencimento": "2026-01-15",
      "data_pagamento": null
    },
    {
      "id": 1765889072704077,
      "orcamento_id": 11,
      "cliente_id": 7,
      "categoria_id": null,
      "descricao": "Duplicata #2",
      "tipo": "receita",
      "valor": 220,
      "data": "2025-12-16",
      "status": "pendente",
      "observacoes": "Duplicata gerada do orçamento #2",
      "parcela_de": null,
      "numero_parcela": null,
      "total_parcelas": null,
      "is_duplicata": 1,
      "numero_duplicata": 2,
      "forma_pagamento": null,
      "parcelado": 0,
      "num_parcelas": null,
      "confirmado_em": null,
      "criado_em": "2025-12-16T12:44:31.850Z",
      "created_at": "2025-12-16 12:44:32",
      "vencimento": null,
      "data_pagamento": null
    },
    {
      "id": 1765890713585755,
      "orcamento_id": 12,
      "cliente_id": 7,
      "categoria_id": null,
      "descricao": "Duplicata #3",
      "tipo": "receita",
      "valor": 140,
      "data": "2025-12-16",
      "status": "pendente",
      "observacoes": "Duplicata gerada do orçamento #3",
      "parcela_de": null,
      "numero_parcela": null,
      "total_parcelas": null,
      "is_duplicata": 1,
      "numero_duplicata": 3,
      "forma_pagamento": null,
      "parcelado": 0,
      "num_parcelas": null,
      "confirmado_em": null,
      "criado_em": "2025-12-16T13:11:53.451Z",
      "created_at": "2025-12-16 13:11:53",
      "vencimento": null,
      "data_pagamento": null
    },
    {
      "id": 1765890713585756,
      "orcamento_id": 11,
      "cliente_id": 7,
      "categoria_id": null,
      "descricao": "Orçamento 2 - Entrada",
      "tipo": "receber",
      "valor": 30,
      "data": "2025-12-16",
      "status": "pago",
      "observacoes": "",
      "parcela_de": null,
      "numero_parcela": null,
      "total_parcelas": null,
      "is_duplicata": 0,
      "numero_duplicata": null,
      "forma_pagamento": "",
      "parcelado": 0,
      "num_parcelas": null,
      "confirmado_em": null,
      "criado_em": "2025-12-16T13:13:10.111Z",
      "created_at": "2025-12-16 13:13:10",
      "vencimento": "2025-12-16",
      "data_pagamento": null
    },
    {
      "id": 1765890713585757,
      "orcamento_id": 11,
      "cliente_id": 7,
      "categoria_id": null,
      "descricao": "Orçamento 2",
      "tipo": "receber",
      "valor": 63.333333333333336,
      "data": "2025-12-16",
      "status": "aberto",
      "observacoes": "",
      "parcela_de": null,
      "numero_parcela": null,
      "total_parcelas": null,
      "is_duplicata": 0,
      "numero_duplicata": null,
      "forma_pagamento": "",
      "parcelado": 0,
      "num_parcelas": null,
      "confirmado_em": null,
      "criado_em": "2025-12-16T13:13:10.335Z",
      "created_at": "2025-12-16 13:13:10",
      "vencimento": "2026-01-15",
      "data_pagamento": null
    },
    {
      "id": 1765890713585758,
      "orcamento_id": 12,
      "cliente_id": 7,
      "categoria_id": null,
      "descricao": "Orçamento 3",
      "tipo": "receber",
      "valor": 70,
      "data": "2025-12-16",
      "status": "aberto",
      "observacoes": "",
      "parcela_de": null,
      "numero_parcela": null,
      "total_parcelas": null,
      "is_duplicata": 0,
      "numero_duplicata": null,
      "forma_pagamento": "",
      "parcelado": 0,
      "num_parcelas": null,
      "confirmado_em": null,
      "criado_em": "2025-12-16T14:36:38.709Z",
      "created_at": "2025-12-16 14:36:38",
      "vencimento": "2026-01-15",
      "data_pagamento": null
    },
    {
      "id": 1765904118784710,
      "orcamento_id": 10,
      "cliente_id": 6,
      "categoria_id": null,
      "descricao": "Duplicata #1",
      "tipo": "receita",
      "valor": 240,
      "data": "2025-12-16",
      "status": "pendente",
      "observacoes": "Duplicata gerada do orçamento #1",
      "parcela_de": null,
      "numero_parcela": null,
      "total_parcelas": null,
      "is_duplicata": 1,
      "numero_duplicata": 1,
      "forma_pagamento": null,
      "parcelado": 0,
      "num_parcelas": null,
      "confirmado_em": null,
      "criado_em": "2025-12-16T16:55:17.814Z",
      "created_at": "2025-12-16 16:55:18",
      "vencimento": null,
      "data_pagamento": null
    },
    {
      "id": 1765904617785612,
      "orcamento_id": 13,
      "cliente_id": 3,
      "categoria_id": null,
      "descricao": "Duplicata #4",
      "tipo": "receita",
      "valor": 240,
      "data": "2025-12-16",
      "status": "pendente",
      "observacoes": "Duplicata gerada do orçamento #4",
      "parcela_de": null,
      "numero_parcela": null,
      "total_parcelas": null,
      "is_duplicata": 1,
      "numero_duplicata": 4,
      "forma_pagamento": null,
      "parcelado": 0,
      "num_parcelas": null,
      "confirmado_em": null,
      "criado_em": "2025-12-16T17:03:37.732Z",
      "created_at": "2025-12-16 17:03:38",
      "vencimento": null,
      "data_pagamento": null
    },
    {
      "id": 1765904617785613,
      "orcamento_id": 10,
      "cliente_id": 6,
      "categoria_id": null,
      "descricao": "Orçamento 1 - Entrada",
      "tipo": "receber",
      "valor": 100,
      "data": "2025-12-16",
      "status": "pago",
      "observacoes": "",
      "parcela_de": null,
      "numero_parcela": null,
      "total_parcelas": null,
      "is_duplicata": 0,
      "numero_duplicata": null,
      "forma_pagamento": "",
      "parcelado": 0,
      "num_parcelas": null,
      "confirmado_em": null,
      "criado_em": "2025-12-16T17:04:13.097Z",
      "created_at": "2025-12-16 17:04:13",
      "vencimento": "2025-12-16",
      "data_pagamento": null
    },
    {
      "id": 1765904617785614,
      "orcamento_id": 10,
      "cliente_id": 6,
      "categoria_id": null,
      "descricao": "Orçamento 1",
      "tipo": "receber",
      "valor": 46.666666666666664,
      "data": "2025-12-16",
      "status": "aberto",
      "observacoes": "",
      "parcela_de": null,
      "numero_parcela": null,
      "total_parcelas": null,
      "is_duplicata": 0,
      "numero_duplicata": null,
      "forma_pagamento": "",
      "parcelado": 0,
      "num_parcelas": null,
      "confirmado_em": null,
      "criado_em": "2025-12-16T17:04:13.302Z",
      "created_at": "2025-12-16 17:04:13",
      "vencimento": "2026-01-15",
      "data_pagamento": null
    },
    {
      "id": 1765904617785615,
      "orcamento_id": 13,
      "cliente_id": 3,
      "categoria_id": null,
      "descricao": "Orçamento 4",
      "tipo": "receber",
      "valor": 120,
      "data": "2025-12-16",
      "status": "aberto",
      "observacoes": "",
      "parcela_de": null,
      "numero_parcela": null,
      "total_parcelas": null,
      "is_duplicata": 0,
      "numero_duplicata": null,
      "forma_pagamento": "",
      "parcelado": 0,
      "num_parcelas": null,
      "confirmado_em": null,
      "criado_em": "2025-12-16T19:47:23.681Z",
      "created_at": "2025-12-16 19:47:23",
      "vencimento": "2026-01-15",
      "data_pagamento": null
    }
  ],
  "created_at": "2025-12-16T20:53:00.986Z"
}