{
  "module": "transacoes",
  "ids": [
    "1763677229499938",
    "1765474959346899"
  ],
  "rows": [
    {
      "id": 1763677229499938,
      "orcamento_id": 4,
      "cliente_id": 1,
      "categoria_id": null,
      "descricao": "Duplicata #1 - Parcela 2/2",
      "tipo": "receita",
      "valor": 350,
      "data": "2025-12-20",
      "status": "pendente",
      "observacoes": "bbjhbhj\nParcela 2 de 2",
      "parcela_de": null,
      "numero_parcela": null,
      "total_parcelas": null,
      "is_duplicata": 0,
      "numero_duplicata": null,
      "forma_pagamento": null,
      "parcelado": 0,
      "num_parcelas": null,
      "confirmado_em": null,
      "criado_em": "2025-11-20T22:20:29.324Z",
      "created_at": "2025-12-16 03:56:33",
      "vencimento": null,
      "data_pagamento": null
    },
    {
      "id": 1765474959346899,
      "orcamento_id": 6,
      "cliente_id": 2,
      "categoria_id": null,
      "descricao": "Orçamento 2 - Entrada",
      "tipo": "receber",
      "valor": 30,
      "data": "2025-12-15",
      "status": "pago",
      "observacoes": "",
      "parcela_de": null,
      "numero_parcela": null,
      "total_parcelas": null,
      "is_duplicata": 0,
      "numero_duplicata": null,
      "forma_pagamento": null,
      "parcelado": 0,
      "num_parcelas": null,
      "confirmado_em": null,
      "criado_em": "2025-12-15T12:22:35.634Z",
      "created_at": "2025-12-16 03:56:33",
      "vencimento": null,
      "data_pagamento": null
    }
  ],
  "created_at": "2025-12-16T04:26:26.241Z"
}