{
  "module": "transacoes",
  "ids": [
    "1765904617785622",
    "1765904617785623"
  ],
  "rows": [
    {
      "id": 1765904617785622,
      "orcamento_id": 10,
      "cliente_id": 6,
      "categoria_id": null,
      "descricao": "Orçamento 1 - Parcela 1/4",
      "tipo": "receber",
      "valor": 60,
      "data": "2025-12-18",
      "status": "aberto",
      "observacoes": "",
      "parcela_de": null,
      "numero_parcela": null,
      "total_parcelas": null,
      "is_duplicata": 0,
      "numero_duplicata": null,
      "forma_pagamento": null,
      "parcelado": 0,
      "num_parcelas": null,
      "confirmado_em": null,
      "criado_em": "2025-12-18T11:02:55.202Z",
      "created_at": "2025-12-18 13:02:03",
      "vencimento": null,
      "data_pagamento": null,
      "grupo_parcelamento_id": null
    },
    {
      "id": 1765904617785623,
      "orcamento_id": 11,
      "cliente_id": 7,
      "categoria_id": null,
      "descricao": "Orçamento 2 - Parcela 1/3",
      "tipo": "receber",
      "valor": 73.33,
      "data": "2025-12-18",
      "status": "aberto",
      "observacoes": "",
      "parcela_de": null,
      "numero_parcela": null,
      "total_parcelas": null,
      "is_duplicata": 0,
      "numero_duplicata": null,
      "forma_pagamento": "",
      "parcelado": 0,
      "num_parcelas": null,
      "confirmado_em": null,
      "criado_em": "2025-12-18T13:06:29.322Z",
      "created_at": "2025-12-18 13:06:29",
      "vencimento": "2026-01-17",
      "data_pagamento": null,
      "grupo_parcelamento_id": "1766063189264b0ut64kwu"
    }
  ],
  "created_at": "2025-12-18T13:35:28.936Z"
}