{
  "module": "transacoes",
  "ids": [
    "1763677229499938",
    "1765474959346899",
    "1765474959346900",
    "1765474959346896",
    "1765474959346897",
    "1765474959346898"
  ],
  "rows": [
    {
      "id": 1763677229499938,
      "orcamento_id": 4,
      "cliente_id": 1,
      "categoria_id": null,
      "descricao": "Duplicata #1 - Parcela 2/2",
      "tipo": "receita",
      "valor": 350,
      "data": "2025-12-20",
      "status": "pendente",
      "observacoes": "bbjhbhj\nParcela 2 de 2",
      "parcela_de": null,
      "numero_parcela": null,
      "total_parcelas": null,
      "is_duplicata": 0,
      "numero_duplicata": null,
      "forma_pagamento": null,
      "parcelado": 0,
      "num_parcelas": null,
      "confirmado_em": null,
      "criado_em": "2025-11-20T22:20:29.324Z",
      "created_at": "2025-12-10 02:56:51",
      "vencimento": null,
      "data_pagamento": null
    },
    {
      "id": 1765474959346896,
      "orcamento_id": 7,
      "cliente_id": 1,
      "categoria_id": null,
      "descricao": "Duplicata #3",
      "tipo": "receita",
      "valor": 155,
      "data": "2025-12-11",
      "status": "pendente",
      "observacoes": "Duplicata gerada do orçamento #3",
      "parcela_de": null,
      "numero_parcela": null,
      "total_parcelas": null,
      "is_duplicata": 1,
      "numero_duplicata": 3,
      "forma_pagamento": null,
      "parcelado": 0,
      "num_parcelas": null,
      "confirmado_em": null,
      "criado_em": "2025-12-11T17:42:39.274Z",
      "created_at": "2025-12-11 17:42:42",
      "vencimento": null,
      "data_pagamento": null
    },
    {
      "id": 1765474959346897,
      "orcamento_id": 4,
      "cliente_id": 1,
      "categoria_id": null,
      "descricao": "Orçamento 1",
      "tipo": "receber",
      "valor": 350,
      "data": "2025-12-11",
      "status": "aberto",
      "observacoes": "",
      "parcela_de": null,
      "numero_parcela": null,
      "total_parcelas": null,
      "is_duplicata": 0,
      "numero_duplicata": null,
      "forma_pagamento": "",
      "parcelado": 0,
      "num_parcelas": null,
      "confirmado_em": null,
      "criado_em": "2025-12-11T17:43:30.486Z",
      "created_at": "2025-12-11 17:43:30",
      "vencimento": "2026-01-10",
      "data_pagamento": null
    },
    {
      "id": 1765474959346898,
      "orcamento_id": 7,
      "cliente_id": 1,
      "categoria_id": null,
      "descricao": "Orçamento 3",
      "tipo": "receber",
      "valor": 51.666666666666664,
      "data": "2025-12-11",
      "status": "aberto",
      "observacoes": "",
      "parcela_de": null,
      "numero_parcela": null,
      "total_parcelas": null,
      "is_duplicata": 0,
      "numero_duplicata": null,
      "forma_pagamento": "",
      "parcelado": 0,
      "num_parcelas": null,
      "confirmado_em": null,
      "criado_em": "2025-12-11T17:48:17.531Z",
      "created_at": "2025-12-11 17:48:17",
      "vencimento": "2026-01-10",
      "data_pagamento": null
    },
    {
      "id": 1765474959346899,
      "orcamento_id": 6,
      "cliente_id": 2,
      "categoria_id": null,
      "descricao": "Orçamento 2 - Entrada",
      "tipo": "receber",
      "valor": 30,
      "data": "2025-12-15",
      "status": "pago",
      "observacoes": "",
      "parcela_de": null,
      "numero_parcela": null,
      "total_parcelas": null,
      "is_duplicata": 0,
      "numero_duplicata": null,
      "forma_pagamento": "",
      "parcelado": 0,
      "num_parcelas": null,
      "confirmado_em": null,
      "criado_em": "2025-12-15T12:22:35.634Z",
      "created_at": "2025-12-15 12:22:35",
      "vencimento": "2025-12-15",
      "data_pagamento": null
    },
    {
      "id": 1765474959346900,
      "orcamento_id": 6,
      "cliente_id": 2,
      "categoria_id": null,
      "descricao": "Orçamento 2",
      "tipo": "receber",
      "valor": 10,
      "data": "2025-12-15",
      "status": "aberto",
      "observacoes": "",
      "parcela_de": null,
      "numero_parcela": null,
      "total_parcelas": null,
      "is_duplicata": 0,
      "numero_duplicata": null,
      "forma_pagamento": "",
      "parcelado": 0,
      "num_parcelas": null,
      "confirmado_em": null,
      "criado_em": "2025-12-15T12:22:36.224Z",
      "created_at": "2025-12-15 12:22:36",
      "vencimento": "2026-01-14",
      "data_pagamento": null
    }
  ],
  "created_at": "2025-12-16T03:56:11.009Z"
}